"keys","en","_notes","_source"
"MISSION1_BOY","Boy","mission1/authoring_content.gd","Boy"
"MISSION1_MR_FELIX_HARCOURT","Mr. Felix Harcourt","mission1/authoring_content.gd","Mr. Felix Harcourt"
"MISSION1_MISS_EVELYN_VALE","Miss Evelyn Vale","mission1/authoring_content.gd","Miss Evelyn Vale"
"MISSION1_MRS_MABEL_PRITCHARD","Mrs. Mabel Pritchard","mission1/authoring_content.gd","Mrs. Mabel Pritchard"
"MISSION1_SAILOR","Sailor","mission1/authoring_content.gd","Sailor"
"MISSION1_CAPTAIN","Captain","mission1/authoring_content.gd","Captain"
"MISSION1_PORTER","Porter","mission1/authoring_content.gd","Porter"
"MISSION1_GUEST","Guest","mission1/authoring_content.gd","Guest"
"MISSION1_UNSUPPORTED_MISSION_1_CONTENT_SCHEMA","Unsupported Mission 1 content schema","mission1/authoring_content.gd","Unsupported Mission 1 content schema"
"MISSION1_S_MUST_BE_AN_OBJECT","{arg1} must be an object","mission1/authoring_content.gd","%s must be an object"
"MISSION1_S_MUST_BE_A_LIST","{arg1} must be a list","mission1/authoring_content.gd","%s must be a list"
"MISSION1_THE_PLAYER_ENTITY_AMELIA_IS_REQUIRED","The player entity amelia is required","mission1/authoring_content.gd","The player entity amelia is required"
"MISSION1_MISSION_1_OPERATIONS_STILL_REFERENCE_CHARACTER","Mission 1 operations still reference character ","mission1/authoring_content.gd","Mission 1 operations still reference character "
"MISSION1_ROOM_S_NEEDS_DIMENSIONS_AND_COLLISION_CELLS","Room {arg1} needs dimensions and collision cells","mission1/authoring_content.gd","Room %s needs dimensions and collision cells"
"MISSION1_ROOM_S_DIMENSIONS_MUST_BE_1_10000","Room {arg1} dimensions must be 1–10000","mission1/authoring_content.gd","Room %s dimensions must be 1–10000"
"MISSION1_ROOM_S_COLLISION_CELLS_MUST_USE_INTEGER_X_Y_KEYS_AND_TRUE_VALUES","Room {arg1} collision cells must use integer x,y keys and true values","mission1/authoring_content.gd","Room %s collision cells must use integer x,y keys and true values"
"MISSION1_ROOM_S_BACKGROUND_ASSET_IS_MISSING","Room {arg1} background asset is missing","mission1/authoring_content.gd","Room %s background asset is missing"
"MISSION1_TEMPLATE_S_HAS_AN_INVALID_ENTITY_KIND","Template {arg1} has an invalid entity kind","mission1/authoring_content.gd","Template %s has an invalid entity kind"
"MISSION1_TEMPLATE_S_HAS_INVALID_STATE_RULES","Template {arg1} has invalid state rules","mission1/authoring_content.gd","Template %s has invalid state rules"
"MISSION1_TEMPLATE_S_STATES_MUST_BE_OBJECTS","Template {arg1} states must be objects","mission1/authoring_content.gd","Template %s states must be objects"
"MISSION1_TEMPLATE_S_HAS_AN_INVALID_TRANSITION","Template {arg1} has an invalid transition","mission1/authoring_content.gd","Template %s has an invalid transition"
"MISSION1_ENTITY_S_NEEDS_A_POSITION_AND_OVERRIDES","Entity {arg1} needs a position and overrides","mission1/authoring_content.gd","Entity %s needs a position and overrides"
"MISSION1_ENTITY_S_TEMPLATE_IS_MISSING","Entity {arg1} template is missing","mission1/authoring_content.gd","Entity %s template is missing"
"MISSION1_ENTITY_S_ROOM_IS_MISSING","Entity {arg1} room is missing","mission1/authoring_content.gd","Entity %s room is missing"
"MISSION1_ENTITY_S_HAS_AN_UNKNOWN_APPEARANCE","Entity {arg1} has an unknown appearance","mission1/authoring_content.gd","Entity %s has an unknown appearance"
"MISSION1_ENTITY_S_STATE_OVERRIDES_ARE_INVALID","Entity {arg1} state overrides are invalid","mission1/authoring_content.gd","Entity %s state overrides are invalid"
"MISSION1_ENTITY_S_TRANSITION_TARGET_IS_MISSING","Entity {arg1} transition target is missing","mission1/authoring_content.gd","Entity %s transition target is missing"
"MISSION1_ENTITY_S_INTERACTIONS_MUST_BE_A_LIST","Entity {arg1} interactions must be a list","mission1/authoring_content.gd","Entity %s interactions must be a list"
"MISSION1_ENTITY_S_HAS_AN_INVALID_INTERACTION_POSITION","Entity {arg1} has an invalid interaction position","mission1/authoring_content.gd","Entity %s has an invalid interaction position"
"MISSION1_INTERACTION_DURATION_MUST_BE_POSITIVE","Interaction duration must be positive","mission1/authoring_content.gd","Interaction duration must be positive"
"MISSION1_ENTITY_S_INTERACTION_IS_BLOCKED_BY_AUTHORED_COLLISION","Entity {arg1} interaction is blocked by authored collision","mission1/authoring_content.gd","Entity %s interaction is blocked by authored collision"
"MISSION1_A_ROOM_CONNECTION_HAS_MISSING_ENDPOINTS","A room connection has missing endpoints","mission1/authoring_content.gd","A room connection has missing endpoints"
"MISSION1_CONNECTION_ENDPOINT_IN_S_IS_BLOCKED","Connection endpoint in {arg1} is blocked","mission1/authoring_content.gd","Connection endpoint in %s is blocked"
"MISSION1_SCHEDULE_S_ACTOR_IS_MISSING","Schedule {arg1} actor is missing","mission1/authoring_content.gd","Schedule %s actor is missing"
"MISSION1_SCHEDULE_S_NEEDS_COMMITMENTS","Schedule {arg1} needs commitments","mission1/authoring_content.gd","Schedule %s needs commitments"
"MISSION1_SCHEDULE_S_HAS_AN_INVALID_COMMITMENT","Schedule {arg1} has an invalid commitment","mission1/authoring_content.gd","Schedule %s has an invalid commitment"
"MISSION1_SCHEDULE_S_NEEDS_AN_ORIGIN_AND_STAGES","Schedule {arg1} needs an origin and stages","mission1/authoring_content.gd","Schedule %s needs an origin and stages"
"MISSION1_SCHEDULE_S_HAS_AN_INVALID_STAGE","Schedule {arg1} has an invalid stage","mission1/authoring_content.gd","Schedule %s has an invalid stage"
"MISSION1_STORYLET_NEEDS_AN_ID_CONDITIONS_AND_EFFECTS","Storylet needs an ID, conditions and effects","mission1/authoring_content.gd","Storylet needs an ID, conditions and effects"
"MISSION1_STORYLET_S_HAS_INVALID_TIMING_OR_PARTICIPANTS","Storylet {arg1} has invalid timing or participants","mission1/authoring_content.gd","Storylet %s has invalid timing or participants"
"MISSION1_STORYLET_S_SCENE_IS_MISSING","Storylet {arg1} scene is missing","mission1/authoring_content.gd","Storylet %s scene is missing"
"MISSION1_STORYLET_S_ACTOR_S_IS_MISSING","Storylet {arg1} actor {arg2} is missing","mission1/authoring_content.gd","Storylet %s actor %s is missing"
"MISSION1_STORYLET_S_HAS_AN_UNSUPPORTED_COMMAND","Storylet {arg1} has an unsupported command","mission1/authoring_content.gd","Storylet %s has an unsupported command"
"MISSION1_UNSUPPORTED_MISSION_1_OPERATION","Unsupported Mission 1 operation","mission1/authoring_content.gd","Unsupported Mission 1 operation"
"MISSION1_FLAG_COMMAND_NEEDS_A_KEY","Flag command needs a key","mission1/authoring_content.gd","Flag command needs a key"
"MISSION1_PROP_COMMAND_NEEDS_AN_ENTITY_AND_STATE","Prop command needs an entity and state","mission1/authoring_content.gd","Prop command needs an entity and state"
"MISSION1_SAY_COMMAND_NEEDS_AN_ACTOR_AND_TEXT","Say command needs an actor and text","mission1/authoring_content.gd","Say command needs an actor and text"
"MISSION1_NOTE_COMMAND_NEEDS_A_KEY_AND_TEXT","Note command needs a key and text","mission1/authoring_content.gd","Note command needs a key and text"
"MISSION1_STORYLET_CONDITIONS_MUST_BE_OBJECTS","Storylet conditions must be objects","mission1/authoring_content.gd","Storylet conditions must be objects"
"MISSION1_TIMING_S_MUST_BE_WITHIN_THE_LEG","Timing {arg1} must be within the leg","mission1/authoring_content.gd","Timing %s must be within the leg"
"MISSION1_ASSET_S_S","Asset {arg1}: {arg2}","mission1/authoring_content.gd","Asset %s: %s"
"MISSION1_SCENE_S_MUST_BE_SOURCE_TEXT","Scene {arg1} must be source text","mission1/authoring_content.gd","Scene %s must be source text"
"MISSION1_ENTITY_S_INTERACTION_HAS_NO_ROUTE_FROM_THE_PLAYER_START","Entity {arg1} interaction has no route from the player start","mission1/authoring_content.gd","Entity %s interaction has no route from the player start"
"MISSION1_SCHEDULE_S_DESTINATION_HAS_NO_CONNECTED_ROUTE","Schedule {arg1} destination has no connected route","mission1/authoring_content.gd","Schedule %s destination has no connected route"
"MISSION1_CONDITIONS_MUST_BE_A_LIST","Conditions must be a list","mission1/authoring_content.gd","Conditions must be a list"
"MISSION1_CONDITION_MUST_BE_AN_OBJECT","Condition must be an object","mission1/authoring_content.gd","Condition must be an object"
"MISSION1_UNKNOWN_CONDITION_USE_FLAG_HAS_FLAG_ACTOR_PROP_SAFE_DEAD_OR_DISTA","Unknown condition; use flag, has_flag, actor, prop, safe, dead or distance","mission1/authoring_content.gd","Unknown condition; use flag, has_flag, actor, prop, safe, dead or distance"
"MISSION1_CONDITION_REFERENCES_MISSING_ENTITY","Condition references missing entity ","mission1/authoring_content.gd","Condition references missing entity "
"MISSION1_DISTANCE_CONDITION_NEEDS_TWO_ENTITIES_AND_A_MAXIMUM_DISTANCE","Distance condition needs two entities and a maximum distance","mission1/authoring_content.gd","Distance condition needs two entities and a maximum distance"
"MISSION1_EFFECTS_MUST_BE_A_LIST","Effects must be a list","mission1/authoring_content.gd","Effects must be a list"
"MISSION1_EFFECT_MUST_BE_AN_OBJECT","Effect must be an object","mission1/authoring_content.gd","Effect must be an object"
"MISSION1_FLAG_EFFECT_NEEDS_A_KEY","Flag effect needs a key","mission1/authoring_content.gd","Flag effect needs a key"
"MISSION1_PROP_EFFECT_NEEDS_AN_ENTITY_AND_STATE","Prop effect needs an entity and state","mission1/authoring_content.gd","Prop effect needs an entity and state"
"MISSION1_PROP_EFFECT_REFERENCES_AN_UNKNOWN_STATE","Prop effect references an unknown state","mission1/authoring_content.gd","Prop effect references an unknown state"
"MISSION1_SAY_EFFECT_NEEDS_AN_ACTOR_AND_TEXT","Say effect needs an actor and text","mission1/authoring_content.gd","Say effect needs an actor and text"
"MISSION1_NOTE_EFFECT_NEEDS_A_KEY_AND_TEXT","Note effect needs a key and text","mission1/authoring_content.gd","Note effect needs a key and text"
"MISSION1_UNKNOWN_MISSION_1_OPERATION","Unknown Mission 1 operation","mission1/authoring_content.gd","Unknown Mission 1 operation"
"MISSION1_UNKNOWN_EFFECT_COMMAND","Unknown effect command","mission1/authoring_content.gd","Unknown effect command"
"MISSION1_MY_SUITCASE_AT_LAST_THANK_YOU","My suitcase! At last. Thank you.","mission1/authoring_dialogues.gd; speaker: guest","My suitcase! At last. Thank you."
"MISSION1_MY_SUIT_DO_WATCH_WHERE_YOU_ARE_GOING","My suit! Do watch where you are going!","mission1/authoring_dialogues.gd; speaker: guest","My suit! Do watch where you are going!"
"MISSION1_I_WANTED_TO_APOLOGISE_ABOUT_YOUR_DRINK_SIR","I wanted to apologise about your drink, sir.","mission1/authoring_dialogues.gd; speaker: amelia","I wanted to apologise about your drink, sir."
"MISSION1_YOU_RUINED_MY_SUIT_I_HAVE_NO_INTEREST_IN_YOUR_EXCUSES_NOW_LEAVE_M","You ruined my suit. I have no interest in your excuses. Now leave me alone.","mission1/authoring_dialogues.gd; speaker: guest","You ruined my suit. I have no interest in your excuses. Now leave me alone."
"MISSION1_HOW_DARE_YOU_WHAT_DO_YOU_THINK_YOU_ARE_DOING","How dare you! What do you think you are doing?","mission1/authoring_dialogues.gd; speaker: chandelier_guest","How dare you! What do you think you are doing?"
"MISSION1_BEFORE_YOU_GO_YOU_MUST_HEAR_ABOUT_MY_NEPHEW","Before you go, you must hear about my nephew.","mission1/authoring_dialogues.gd; speaker: chatterbox","Before you go, you must hear about my nephew."
"MISSION1_COULD_IT_WAIT_THEY_ARE_SERVING_DRINKS","Could it wait? They are serving drinks.","mission1/authoring_dialogues.gd; speaker: guest","Could it wait? They are serving drinks."
"MISSION1_HE_BOUGHT_A_MOTORCAR_WITHOUT_ASKING_HIS_MOTHER","He bought a motorcar. Without asking his mother!","mission1/authoring_dialogues.gd; speaker: chatterbox","He bought a motorcar. Without asking his mother!"
"MISSION1_HOW_VERY_RASH","How very rash.","mission1/authoring_dialogues.gd; speaker: guest","How very rash."
"MISSION1_THAT_IS_EXACTLY_WHAT_I_SAID_NOW_LISTEN","That is exactly what I said. Now, listen…","mission1/authoring_dialogues.gd; speaker: chatterbox","That is exactly what I said. Now, listen…"
"MISSION1_HELP_THE_STEAM_HAS_CUT_OFF_THE_PASSAGE","Help! The steam has cut off the passage!","mission1/authoring_dialogues.gd; speaker: chatterbox","Help! The steam has cut off the passage!"
"MISSION1_WHERE_ARE_MY_BAGS_I_WILL_NOT_BOARD_WITHOUT_THEM","Where are my bags? I will not board without them!","mission1/authoring_dialogues.gd; speaker: guest","Where are my bags? I will not board without them!"
"MISSION1_I_LL_SEARCH_THE_LUGGAGE_SIR","I'll search the luggage, sir.","mission1/authoring_dialogues.gd; speaker: dock_sailor","I'll search the luggage, sir."
"MISSION1_BROWN_LEATHER_WITH_MY_INITIALS","Brown leather. With my initials.","mission1/authoring_dialogues.gd; speaker: guest","Brown leather. With my initials."
"MISSION1_STAY_HERE_I_LL_BRING_THEM_OVER","Stay here. I'll bring them over.","mission1/authoring_dialogues.gd; speaker: dock_sailor","Stay here. I'll bring them over."
"MISSION1_MY_BROWN_SUITCASE_IS_STILL_MISSING_I_M_WAITING_HERE","My brown suitcase is still missing. I'm waiting here.","mission1/authoring_dialogues.gd; speaker: guest","My brown suitcase is still missing. I'm waiting here."
"MISSION1_BOY_REPORT_FOR_DUTY","Boy! Report for duty.","mission1/authoring_dialogues.gd; speaker: captain","Boy! Report for duty."
"MISSION1_YES_CAPTAIN","Yes, Captain.","mission1/authoring_dialogues.gd; speaker: amelia","Yes, Captain."
"MISSION1_EXPLORE_THE_SHIP_AND_MAKE_SURE_OUR_GUESTS_ARE_COMFORTABLE_HELP_WI","Explore the ship and make sure our guests are comfortable. Help with their luggage, bring refreshments, and show them to their cabins.","mission1/authoring_dialogues.gd; speaker: captain","Explore the ship and make sure our guests are comfortable. Help with their luggage, bring refreshments, and show them to their cabins."
"MISSION1_VERY_GOOD_CAPTAIN","Very good, Captain.","mission1/authoring_dialogues.gd; speaker: amelia","Very good, Captain."
"MISSION1_PASSENGERS_ARE_COMING_ABOARD_GET_TO_IT","Passengers are coming aboard. Get to it.","mission1/authoring_dialogues.gd; speaker: captain","Passengers are coming aboard. Get to it."
"MISSION1_WHICH_WAY_TO_THE_SALON","Which way to the Salon?","mission1/authoring_dialogues.gd; speaker: chandelier_guest","Which way to the Salon?"
"MISSION1_UP_THE_CENTRE_STAIR_MADAM","Up the centre stair, madam.","mission1/authoring_dialogues.gd; speaker: porter","Up the centre stair, madam."
"MISSION1_A_LOVELY_EVENING_FOR_A_DEPARTURE","A lovely evening for a departure.","mission1/authoring_dialogues.gd; speaker: chandelier_guest","A lovely evening for a departure."
"MISSION1_PROVIDED_THE_SEA_REMEMBERS_ITS_MANNERS","Provided the sea remembers its manners.","mission1/authoring_dialogues.gd; speaker: chatterbox","Provided the sea remembers its manners."
"MISSION1_ARE_YOU_SETTLING_INTO_YOUR_CABIN","Are you settling into your cabin?","mission1/authoring_dialogues.gd; speaker: chatterbox","Are you settling into your cabin?"
"MISSION1_AT_LAST_I_THOUGHT_MY_LUGGAGE_HAD_TAKEN_ITS_OWN_HOLIDAY","At last. I thought my luggage had taken its own holiday.","mission1/authoring_dialogues.gd; speaker: guest","At last. I thought my luggage had taken its own holiday."
"MISSION1_A_NEW_POSTING_AN_UNMOORING_PARTY_WHAT_COULD_POSSIBLY_GO_WRONG","A new posting. An unmooring party. What could possibly go wrong?","mission1/authoring_dialogues.gd","A new posting. An unmooring party. What could possibly go wrong?"
"MISSION1_REPORT_FOR_DUTY","Report for duty","mission1/authoring_dialogues.gd","Report for duty"
"MISSION1_INSPECT_LUGGAGE","Inspect luggage","mission1/authoring_dialogues.gd","Inspect luggage"
"MISSION1_ACTION_INTERRUPTED_UNFINISHED_PROGRESS_LOST","Action interrupted. Unfinished progress lost.","mission1/authoring_dialogues.gd","Action interrupted. Unfinished progress lost."
"MISSION1_THE_UNMOORING_PARTY_HAS_ENDED","The unmooring party has ended.","mission1/authoring_dialogues.gd","The unmooring party has ended."
"MISSION1_I_OPENED_THE_CABIN_DOOR","I opened the cabin door.","mission1/authoring_dialogues.gd","I opened the cabin door."
"MISSION1_I_CLOSED_THE_CABIN_DOOR","I closed the cabin door.","mission1/authoring_dialogues.gd","I closed the cabin door."
"MISSION1_THE_SAME_MONOGRAM_HE_STILL_REFUSES_TO_BOARD_WITHOUT_THIS_BAG","The same monogram. He still refuses to board without this bag.","mission1/authoring_dialogues.gd","The same monogram. He still refuses to board without this bag."
"MISSION1_A_MONOGRAMMED_SUITCASE_TUCKED_AMONG_THE_TRUNKS","A monogrammed suitcase tucked among the trunks.","mission1/authoring_dialogues.gd","A monogrammed suitcase tucked among the trunks."
"MISSION1_I_TUCKED_THE_SUITCASE_BEHIND_THE_BAGGAGE_SCREEN","I tucked the suitcase behind the baggage screen.","mission1/authoring_dialogues.gd","I tucked the suitcase behind the baggage screen."
"MISSION1_I_BROUGHT_THE_SUITCASE_BACK_TO_ITS_OWNER","I brought the suitcase back to its owner.","mission1/authoring_dialogues.gd","I brought the suitcase back to its owner."
"MISSION1_PORTER_THE_CENTRE_STAIR_IS_ONLY_LATCHED_RELEASE_THE_BRASS_CATCH_A","Porter: The centre stair is only latched. Release the brass catch at its foot.","mission1/authoring_dialogues.gd","Porter: The centre stair is only latched. Release the brass catch at its foot."
"MISSION1_I_RELEASED_THE_LATCH_THE_CENTRE_STAIR_LEADS_STRAIGHT_TO_THE_SALON","I released the latch. The centre stair leads straight to the salon.","mission1/authoring_dialogues.gd","I released the latch. The centre stair leads straight to the salon."
"MISSION1_STEAM_BLOCKS_THE_FAR_ROOM_S_NORMAL_EXIT_THE_TALKATIVE_PASSENGER_I","Steam blocks the far room's normal exit. The talkative passenger is trapped.","mission1/authoring_dialogues.gd","Steam blocks the far room's normal exit. The talkative passenger is trapped."
"MISSION1_THE_PASSENGER_COLLAPSED_BEHIND_THE_STEAM","The passenger collapsed behind the steam.","mission1/authoring_dialogues.gd","The passenger collapsed behind the steam."
"MISSION1_CREW_A_PASSENGER_NEEDS_HELP_IN_THE_STEAM_PASSAGE","Crew: A passenger needs help in the steam passage!","mission1/authoring_dialogues.gd","Crew: A passenger needs help in the steam passage!"
"MISSION1_THE_CHANDELIER_CREAKS_AND_TREMBLES_ABOVE_THE_GUEST","The chandelier creaks and trembles above the guest.","mission1/authoring_dialogues.gd","The chandelier creaks and trembles above the guest."
"MISSION1_THE_CHANDELIER_FELL_ON_THE_GUEST","The chandelier fell on the guest.","mission1/authoring_dialogues.gd","The chandelier fell on the guest."
"MISSION1_THE_CHANDELIER_CRASHED_ONTO_THE_PLACE_WHERE_THE_GUEST_HAD_BEEN_ST","The chandelier crashed onto the place where the guest had been standing.","mission1/authoring_dialogues.gd","The chandelier crashed onto the place where the guest had been standing."
"MISSION1_THE_DIARY_SHIVERS","The diary shivers.","mission1/authoring_dialogues.gd","The diary shivers."
"MISSION1_YOU_FOUND_THE_BAG_THANK_YOU_BOY_SAVED_ME_A_SEARCH","You found the bag! Thank you, Boy. Saved me a search.","mission1/authoring_dialogues.gd","You found the bag! Thank you, Boy. Saved me a search."
"MISSION1_THE_STAIR_S_BRASS_CATCH_IS_STILL_HERE","The stair's brass catch is still here.","mission1/authoring_dialogues.gd","The stair's brass catch is still here."
"MISSION1_I_DO_WISH_THEY_WOULD_GET_ON_WITH_IT_SUCH_A_WAIT","I do wish they would get on with it. Such a wait!","mission1/authoring_dialogues.gd","I do wish they would get on with it. Such a wait!"
"MISSION1_BUMP_INTO_GUEST","Bump into guest","mission1/authoring_dialogues.gd","Bump into guest"
"MISSION1_INSPECT_GLASS","Inspect glass","mission1/authoring_dialogues.gd","Inspect glass"
"MISSION1_INSPECT_WRECKAGE","Inspect wreckage","mission1/authoring_dialogues.gd","Inspect wreckage"
"MISSION1_MY_ELBOW_CAUGHT_THE_GLASS_HIS_DRINK_SOAKED_HIS_SUIT","My elbow caught the glass. His drink soaked his suit.","mission1/authoring_dialogues.gd","My elbow caught the glass. His drink soaked his suit."
"MISSION1_A_SHARP_CHEMICAL_RESIDUE_IN_THE_GLASS_THE_DRINK_WAS_POISONED_NOTH","A sharp chemical residue in the glass. The drink was poisoned; nothing here identifies who did it.","mission1/authoring_dialogues.gd","A sharp chemical residue in the glass. The drink was poisoned; nothing here identifies who did it."
"MISSION1_I_SHOVED_THE_GUEST_OUT_FROM_BENEATH_THE_CHANDELIER","I shoved the guest out from beneath the chandelier.","mission1/authoring_dialogues.gd","I shoved the guest out from beneath the chandelier."
"MISSION1_SHE_IS_DEAD_BENEATH_THE_CHANDELIER_BROKEN_GLASS_EVERYWHERE_AND_A","She is dead, beneath the chandelier. Broken glass everywhere, and a snapped suspension pin.","mission1/authoring_dialogues.gd","She is dead, beneath the chandelier. Broken glass everywhere, and a snapped suspension pin."
"MISSION1_BROKEN_GLASS_AND_A_SNAPPED_SUSPENSION_PIN_THANK_GOODNESS_I_GOT_HE","Broken glass and a snapped suspension pin. Thank goodness I got her out of the way.","mission1/authoring_dialogues.gd","Broken glass and a snapped suspension pin. Thank goodness I got her out of the way."
"MISSION1_THE_LUGGAGE_OWNER_IS_WAITING_AT_THE_BAR","The luggage owner is waiting at the bar.","mission1/authoring_dialogues.gd","The luggage owner is waiting at the bar."
"MISSION1_THE_LUGGAGE_OWNER_HAS_COLLAPSED_BESIDE_HIS_GLASS","The luggage owner has collapsed beside his glass.","mission1/authoring_dialogues.gd","The luggage owner has collapsed beside his glass."
"MISSION1_THE_PASSENGER_LIES_MOTIONLESS_BEYOND_THE_STEAM_LEAK","The passenger lies motionless beyond the steam leak.","mission1/authoring_dialogues.gd","The passenger lies motionless beyond the steam leak."
"MISSION1_THE_GUEST_LIES_DEAD_BENEATH_THE_FALLEN_CHANDELIER","The guest lies dead beneath the fallen chandelier.","mission1/authoring_dialogues.gd","The guest lies dead beneath the fallen chandelier."
"MISSION1_THE_FALLEN_CHANDELIER_LIES_IN_PIECES_THE_GUEST_IS_SAFE","The fallen chandelier lies in pieces. The guest is safe.","mission1/authoring_dialogues.gd","The fallen chandelier lies in pieces. The guest is safe."
"MISSION1_THE_PASSENGER_LEAVES_THROUGH_THE_CLEARED_STEAM_PASSAGE","The passenger leaves through the cleared steam passage.","mission1/authoring_dialogues.gd","The passenger leaves through the cleared steam passage."
"MISSION1_THE_PASSENGER_EMERGES_FROM_THE_STEAM_ROOM","The passenger emerges from the steam room.","mission1/authoring_dialogues.gd","The passenger emerges from the steam room."
"MISSION1_AN_OBSCURED_HAND_TIPS_SOMETHING_INTO_THE_GUEST_S_GLASS","An obscured hand tips something into the guest's glass.","mission1/authoring_dialogues.gd","An obscured hand tips something into the guest's glass."
"MISSION1_THE_GUEST_DRANK_THEN_COLLAPSED_BESIDE_THE_POISONED_GLASS","The guest drank, then collapsed beside the poisoned glass.","mission1/authoring_dialogues.gd","The guest drank, then collapsed beside the poisoned glass."
"MISSION1_PRESSURE_MUST_BE_RUNNING_FOR_THE_CONTROLS_TO_RESPOND","Pressure must be running for the controls to respond.","mission1/authoring_dialogues.gd","Pressure must be running for the controls to respond."
"MISSION1_ENTER_THREE_DIGITS_THEN_PRESS_COMMIT_CLEAR_STARTS_YOUR_ENTRY_AGAI","Enter three digits, then press Commit. Clear starts your entry again.","mission1/authoring_dialogues.gd","Enter three digits, then press Commit. Clear starts your entry again."
"MISSION1_TODAY_S_SHUTOFF_CODE_IS_S","Today's shutoff code is {arg1}.","mission1/authoring_dialogues.gd","Today's shutoff code is %s."
"MISSION1_CODE_REJECTED_CLEAR_AND_TRY_AGAIN","Code rejected. Clear and try again.","mission1/authoring_dialogues.gd","Code rejected. Clear and try again."
"MISSION1_I_STOPPED_THE_STEAM","I stopped the steam.","mission1/authoring_dialogues.gd","I stopped the steam."
"MISSION1_FOUND_IT_BROWN_LEATHER_JUST_AS_YOU_SAID","Found it! Brown leather, just as you said.","mission1/authoring_dialogues.gd","Found it! Brown leather, just as you said."
"MISSION1_LOOP_D_HOUR","Loop {arg1} · Hour ","mission1/authoring_dialogues.gd","Loop %d · Hour "
"MISSION1_THE_PASSAGE_IS_CLEAR_THE_PASSENGER_STARTS_TOWARDS_THE_EXIT","The passage is clear. The passenger starts towards the exit.","mission1/authoring_dialogues.gd","The passage is clear. The passenger starts towards the exit."
"MISSION1_CONTENT_APPLIED","Content applied","mission1/authoring_dialogues.gd","Content applied"
"MISSION1_SPARKLING_WATER","Sparkling water","mission1/authoring_dialogues.gd","Sparkling water"
"MISSION1_LEMONADE_PLEASE_BOY","Lemonade, please, Boy.","mission1/authoring_dialogues.gd","Lemonade, please, Boy."
"MISSION1_EXCELLENT_LEMONADE_BOY_THANK_YOU","Excellent lemonade, Boy. Thank you.","mission1/authoring_dialogues.gd","Excellent lemonade, Boy. Thank you."
"MISSION1_I_ASKED_FOR_LEMONADE_BOY_DO_TRY_TO_REMEMBER","I asked for lemonade, Boy. Do try to remember.","mission1/authoring_dialogues.gd","I asked for lemonade, Boy. Do try to remember."
"MISSION1_SPARKLING_WATER_PLEASE_BOY","Sparkling water, please, Boy.","mission1/authoring_dialogues.gd","Sparkling water, please, Boy."
"MISSION1_JUST_WHAT_I_WANTED_THANK_YOU_BOY","Just what I wanted. Thank you, Boy.","mission1/authoring_dialogues.gd","Just what I wanted. Thank you, Boy."
"MISSION1_THAT_ISN_T_SPARKLING_WATER_PERHAPS_SOMEONE_ELSE_ORDERED_IT","That isn't sparkling water. Perhaps someone else ordered it?","mission1/authoring_dialogues.gd","That isn't sparkling water. Perhaps someone else ordered it?"
"MISSION1_A_PROPER_CUP_OF_TEA_PLEASE_BOY","A proper cup of tea, please, Boy.","mission1/authoring_dialogues.gd","A proper cup of tea, please, Boy."
"MISSION1_LOVELY_A_PROPER_CUP_OF_TEA_THANK_YOU_BOY","Lovely. A proper cup of tea. Thank you, Boy.","mission1/authoring_dialogues.gd","Lovely. A proper cup of tea. Thank you, Boy."
"MISSION1_TEA_BOY_A_PROPER_CUP_OF_TEA","Tea, Boy. A proper cup of tea.","mission1/authoring_dialogues.gd","Tea, Boy. A proper cup of tea."
"MISSION1_INSPECT_NAMEPLATE","Inspect nameplate","mission1/authoring_dialogues.gd","Inspect nameplate"
"MISSION1_ASK_ABOUT_DRINKS","Ask about drinks","mission1/authoring_dialogues.gd","Ask about drinks"
"MISSION1_GIVE_CABIN_DIRECTIONS","Give cabin directions","mission1/authoring_dialogues.gd","Give cabin directions"
"MISSION1_CABIN_D_S","Cabin {arg1} — {arg2}","mission1/authoring_dialogues.gd","Cabin %d — %s"
"MISSION1_CABIN_D_THANK_YOU_BOY","Cabin {arg1}. Thank you, Boy.","mission1/authoring_dialogues.gd","Cabin %d. Thank you, Boy."
"MISSION1_CABIN_D_YOU_SAY_VERY_WELL_BOY","Cabin {arg1}, you say? Very well, Boy.","mission1/authoring_dialogues.gd","Cabin %d, you say? Very well, Boy."
"MISSION1_THIS_IS_S_S_CABIN_YOU_SENT_ME_TO_THE_WRONG_DOOR_BOY","This is {arg1}'s cabin! You sent me to the wrong door, Boy.","mission1/authoring_dialogues.gd","This is %s's cabin! You sent me to the wrong door, Boy."
"MISSION1_S_HOW_CURIOUS_BOY_I_SEEM_TO_HAVE_BECOME_SOMEBODY_ELSE","{arg1}? How curious, Boy. I seem to have become somebody else.","mission1/authoring_dialogues.gd","%s? How curious, Boy. I seem to have become somebody else."
"MISSION1_THE_PLATE_SAYS_S_READ_THE_NAMES_PROPERLY_NEXT_TIME_BOY","The plate says {arg1}! Read the names properly next time, Boy.","mission1/authoring_dialogues.gd","The plate says %s! Read the names properly next time, Boy."
"MISSION1_OH_HOW_DREADFUL_THAT_POOR_WOMAN","Oh, how dreadful. That poor woman.","mission1/authoring_dialogues.gd","Oh, how dreadful. That poor woman."
"MISSION1_SHE_WAS_STANDING_HERE_A_MOMENT_AGO_SOMEONE_MUST_FETCH_THE_CAPTAIN","She was standing here a moment ago. Someone must fetch the captain.","mission1/authoring_dialogues.gd","She was standing here a moment ago. Someone must fetch the captain."
"MISSION1_HE_S_DEAD_WHAT_A_TERRIBLE_END_TO_THE_PARTY","He's dead! What a terrible end to the party.","mission1/authoring_dialogues.gd","He's dead! What a terrible end to the party."
"MISSION1_HE_WAS_RATHER_A_BORE_STILL_NOBODY_DESERVES_THIS","He was rather a bore. Still, nobody deserves this.","mission1/authoring_dialogues.gd","He was rather a bore. Still, nobody deserves this."
"MISSION1_SHE_S_DEAD_I_LL_STAY_WITH_HER_UNTIL_HELP_ARRIVES","She's dead. I'll stay with her until help arrives.","mission1/authoring_dialogues.gd","She's dead. I'll stay with her until help arrives."
"MISSION1_WHY_HAS_THIS_BEEN_SWITCHED_OFF","Why has this been switched off?","mission1/authoring_dialogues.gd","Why has this been switched off?"
"MISSION1_I_WONDER_WHAT_I_SHOULD_DO","I wonder what I should do?","mission1/authoring_dialogues.gd","I wonder what I should do?"
"MISSION1_HURRY_UP_AND_WAIT","Hurry up and wait…","mission1/authoring_dialogues.gd","Hurry up and wait…"
"MISSION1_SOMETHING_HAS_CHANGED_IN_THE_DIARY_I_SHOULD_OPEN_IT","Something has changed in the diary. I should open it.","mission1/authoring_dialogues.gd","Something has changed in the diary. I should open it."
"MISSION1_WHAT_A_TRAGEDY_HMMM_MY_DIARY_IS_SHAKING_I_FEEL_LIKE_I_SHOULD_TAKE","What a tragedy. Hmmm, my diary is shaking, I feel like I should take a look.","mission1/authoring_dialogues.gd","What a tragedy. Hmmm, my diary is shaking, I feel like I should take a look."
"MISSION1_TAP_HIGHLIGHT","Tap Highlight","mission1/authoring_dialogues.gd","Tap Highlight"
"MISSION1_A_HIGHLIGHT","A — Highlight","mission1/authoring_dialogues.gd","A — Highlight"
"MISSION1_HOLD_B_WAIT","Hold B — Wait","mission1/authoring_dialogues.gd","Hold B — Wait"
"MISSION1_Y_OPEN_DIARY","Y — Open diary","mission1/authoring_dialogues.gd","Y — Open diary"
"MISSION1_H_HIGHLIGHT","H — Highlight","mission1/authoring_dialogues.gd","H — Highlight"
"MISSION1_HOLD_F_WAIT","Hold F — Wait","mission1/authoring_dialogues.gd","Hold F — Wait"
"MISSION1_TAB_OPEN_DIARY","Tab — Open diary","mission1/authoring_dialogues.gd","Tab — Open diary"
"MISSION1_TIME_WINDOW","time window","mission1/authoring_runtime.gd","time window"
"MISSION1_NOT_ALREADY_COMPLETED","not already completed","mission1/authoring_runtime.gd","not already completed"
"MISSION1_PARTICIPANT","participant ","mission1/authoring_runtime.gd","participant "
"MISSION1_RESTART_REQUIRED_ACTIVE_ENTITY_S_WAS_REMOVED","Restart required: active entity {arg1} was removed","mission1/authoring_runtime.gd","Restart required: active entity %s was removed"
"MISSION1_RESTART_REQUIRED_S_OCCUPIES_CHANGED_COLLISION_GEOMETRY","Restart required: {arg1} occupies changed collision geometry","mission1/authoring_runtime.gd","Restart required: %s occupies changed collision geometry"
"MISSION1_RESTART_REQUIRED_S_STARTING_PLACEMENT_CHANGED","Restart required: {arg1} starting placement changed","mission1/authoring_runtime.gd","Restart required: %s starting placement changed"
"MISSION1_RESTART_REQUIRED_ACTIVE_SCENE_S_CHANGED","Restart required: active scene {arg1} changed","mission1/authoring_runtime.gd","Restart required: active scene %s changed"
"MISSION1_RESTART_REQUIRED_ACTIVE_PARTICIPANT_S_CHANGED","Restart required: active participant {arg1} changed","mission1/authoring_runtime.gd","Restart required: active participant %s changed"
"MISSION1_THOUGHT","Thought","mission1/conversations.gd","Thought"
"MISSION1_UNKNOWN_MISSION_1_SOUND_CUE_S","Unknown Mission 1 sound cue: {arg1}","mission1/event_audio.gd","Unknown Mission 1 sound cue: %s"
"MISSION1_CABIN_D","Cabin {arg1}","mission1/hospitality.gd","Cabin %d"
"MISSION1_BACK","Back","mission1/hospitality.gd","Back"
"MISSION1_GET","Get ","mission1/hospitality.gd","Get "
"MISSION1_RETURN_DRINK","Return drink","mission1/hospitality.gd","Return drink"
"MISSION1_PREFERS","Prefers ","mission1/hospitality.gd","Prefers "
"MISSION1_OFFER","Offer ","mission1/hospitality.gd","Offer "
"MISSION1_VOYAGE_NOTEBOOK","VOYAGE NOTEBOOK","mission1/play.gd","VOYAGE NOTEBOOK"
"MISSION1_THE_VOYAGE","THE VOYAGE","mission1/play.gd","THE VOYAGE"
"MISSION1_OBSERVATIONS_FROM_THE_CURRENT_VOYAGE_RECORDED_AS_THEY_HAPPEN","Observations from the current voyage, recorded as they happen.","mission1/play.gd","Observations from the current voyage, recorded as they happen."
"MISSION1_CLOSE_DIARY_S_S","Close diary ({arg1} / {arg2})","mission1/play.gd","Close diary (%s / %s)"
"MISSION1_TURN_BACK_TO_THE_START_R","Turn back to the start (R)","mission1/play.gd","Turn back to the start (R)"
"MISSION1_TURN_THE_PAGE","Turn the Page","mission1/play.gd","Turn the Page"
"MISSION1_RETURN_TO_MAIN_MENU","Return to main menu","mission1/play.gd","Return to main menu"
"MISSION1_PREVIOUS","‹ Previous","mission1/play.gd","‹ Previous"
"MISSION1_NEXT","Next ›","mission1/play.gd","Next ›"
"MISSION1_ACTION_CANCELLED","Action cancelled.","mission1/play.gd","Action cancelled."
"MISSION1_MISSION_D","Mission {arg1}  ·  ","mission1/play.gd","Mission %d  ·  "
"MISSION1_ALL_ABOARD","All Aboard  ·  ","mission1/play.gd","All Aboard  ·  "
"MISSION1_THE_PAGES_TURN_BACKWARDS_R_TO_SKIP","The pages turn backwards…  R to skip","mission1/play.gd","The pages turn backwards…  R to skip"
"MISSION1_NEARBY_ACTIONS_RIGHT_STICK_TO_CHOOSE_X_TO_REPORT_FOR_DUTY","Nearby actions: right stick to choose, X to report for duty","mission1/play.gd","Nearby actions: right stick to choose, X to report for duty"
"MISSION1_NEARBY_ACTIONS_APPEAR_HERE_CLICK_THE_ACTION_OR_PRESS_1_REPORT_FOR","Nearby actions appear here.
Click the action or press 1: Report for duty","mission1/play.gd","Nearby actions appear here.
Click the action or press 1: Report for duty"
"MISSION1_REPORT_TO_THE_CAPTAIN_FOR_DUTY","Report to the captain for duty.","mission1/play.gd","Report to the captain for duty."
"MISSION1_RIGHT_STICK_X_INTERACT","Right stick + X: interact","mission1/play.gd","Right stick + X: interact"
"MISSION1_CLICK_AN_ACTION_OR_PRESS_ITS_NUMBER","Click an action or press its number","mission1/play.gd","Click an action or press its number"
"MISSION1_CARRYING","Carrying: ","mission1/play.gd","Carrying: "
"MISSION1_USE_THE_LEFT_STICK_TO_REACH_THE_CAPTAIN","Use the left stick to reach the captain.","mission1/play.gd","Use the left stick to reach the captain."
"MISSION1_TAP_AN_ACTION_TO_INTERACT","Tap an action to interact.","mission1/play.gd","Tap an action to interact."
"MISSION1_OPEN_DIARY_TO_READ_YOUR_NOTES_OR_TURN_BACK_THE_PAGES","Open Diary to read your notes or turn back the pages.","mission1/play.gd","Open Diary to read your notes or turn back the pages."
"MISSION1_RETRY","Retry","mission1/play.gd","Retry"
"MISSION1_MAIN_MENU","Main menu","mission1/play.gd","Main menu"
"MISSION1_5_30_THE_UNMOORING_PARTY_IS_OVER","5:30 · The unmooring party is over.

","mission1/play.gd","5:30 · The unmooring party is over.

"
"MISSION1_7_00_SIX_HOURS_S_END_OF_THE_EXPLORATION_SCHEDULE","7:00 · Six hours {arg1}.

End of the exploration schedule.","mission1/play.gd","7:00 · Six hours %s.

End of the exploration schedule."
"MISSION1_IN_GREECE","in Greece","mission1/play.gd","in Greece"
"MISSION1_VOYAGE_COMPLETE","VOYAGE COMPLETE","mission1/play.gd","VOYAGE COMPLETE"
"MISSION1_VOYAGE_ENDED","VOYAGE ENDED","mission1/play.gd","VOYAGE ENDED"
"MISSION1_THE_NEXT_PAGE","THE NEXT PAGE","mission1/play.gd","THE NEXT PAGE"
"MISSION1_EVERYONE_SURVIVED_NOW_I_CAN_TURN_TO_THE_NEXT_PAGE","Everyone survived. Now I can turn to the next page.","mission1/play.gd","Everyone survived. Now I can turn to the next page."
"MISSION1_SCHEDULE_COMPLETE","SCHEDULE COMPLETE","mission1/play.gd","SCHEDULE COMPLETE"
"MISSION1_D_D_D_LEFT_RIGHT_LB_RB","{arg1}–{arg2} / {arg3}    ·    Left / Right · LB / RB","mission1/play.gd","%d–%d / %d    ·    Left / Right · LB / RB"
"MISSION1_THE_DIARY_HAS_NO_EARLIER_PAGES_TO_TURN_TO_YET","The diary has no earlier pages to turn to yet.","mission1/play.gd","The diary has no earlier pages to turn to yet."
"MISSION1_CLOSE_SHAVE","Close shave","mission1/reactions.gd","Close shave"
"MISSION1_THE_DOCKS","The docks","mission1/rooms.gd","The docks"
"MISSION1_GRAND_FOYER","Grand foyer","mission1/rooms.gd","Grand foyer"
"MISSION1_CABIN_CORRIDOR","Cabin corridor","mission1/rooms.gd","Cabin corridor"
"MISSION1_STEAM_ROOM","Steam room","mission1/rooms.gd","Steam room"
"MISSION1_SERVICE_CORRIDOR","Service corridor","mission1/rooms.gd","Service corridor"
"MISSION1_SALON","Salon","mission1/rooms.gd","Salon"
"MISSION1_WE_RE_AT_SEA_I_DON_T_WANT_TO_GO_OVERBOARD","We're at sea. I don't want to go overboard.","mission1/rooms.gd","We're at sea. I don't want to go overboard."
"MISSION1_MUSIC","Music","mission1/room_audio.gd","Music"
"MISSION1_COULD_NOT_CLEAR_MISSION_1_SAVE_D","Could not clear Mission 1 save ({arg1})","mission1/save.gd","Could not clear Mission 1 save (%d)"
"MISSION1_COULD_NOT_WRITE_VOYAGE_JOURNAL","Could not write voyage journal.","mission1/save.gd","Could not write voyage journal."
"MISSION1_COULD_NOT_FLUSH_VOYAGE_JOURNAL","Could not flush voyage journal.","mission1/save.gd","Could not flush voyage journal."
"MISSION1_COULD_NOT_ROTATE_VOYAGE_BACKUP","Could not rotate voyage backup.","mission1/save.gd","Could not rotate voyage backup."
"MISSION1_COULD_NOT_PROTECT_PREVIOUS_VOYAGE","Could not protect previous voyage.","mission1/save.gd","Could not protect previous voyage."
"MISSION1_COULD_NOT_PROMOTE_VOYAGE_JOURNAL","Could not promote voyage journal.","mission1/save.gd","Could not promote voyage journal."
"MISSION1_NO_VALID_MISSION_1_JOURNAL","No valid Mission 1 journal.","mission1/save.gd","No valid Mission 1 journal."
"MISSION1_CLOSE_DOOR","Close door","mission1/simulation.gd","Close door"
"MISSION1_OPEN_DOOR","Open door","mission1/simulation.gd","Open door"
"MISSION1_RETRIEVE_BAG","Retrieve bag","mission1/simulation.gd","Retrieve bag"
"MISSION1_HIDE_BAG","Hide bag","mission1/simulation.gd","Hide bag"
"MISSION1_WELCOME_TO_GREECE_EXPLORE_THE_DOCK_RESTAURANT_MARKET_AND_SHIP","Welcome to Greece. Explore the dock, restaurant, market and ship.","mission1/simulation.gd","Welcome to Greece. Explore the dock, restaurant, market and ship."
"MISSION1_A_NEW_DAY_ABOARD_EXPLORE_THE_SHIP","A new day aboard. Explore the ship.","mission1/simulation.gd","A new day aboard. Explore the ship."
"MISSION1_THE_DOOR_IS_LOCKED","The door is locked.","mission1/simulation.gd","The door is locked."
"MISSION1_SIX_HOURS_IN_GREECE_END_OF_THE_EXPLORATION_SCHEDULE","Six hours in Greece. End of the exploration schedule.","mission1/simulation.gd","Six hours in Greece. End of the exploration schedule."
"MISSION1_SIX_HOURS_ABOARD_END_OF_THE_EXPLORATION_SCHEDULE","Six hours aboard. End of the exploration schedule.","mission1/simulation.gd","Six hours aboard. End of the exploration schedule."
"MISSION1_I_VISITED","I visited ","mission1/simulation.gd","I visited "
"MISSION1_IS_IN"," is in ","mission1/simulation.gd"," is in "
"MISSION1_USE_CONTROLS","Use controls","mission1/simulation.gd","Use controls"
"MISSION1_MISSED_THE_BOAT_MISSION_FAILED_EVERYONE_SURVIVED_BUT_YOU_WERE_STI","MISSED THE BOAT · MISSION FAILED
Everyone survived, but you were still on the docks when the ship sailed. Turn back the pages and get aboard before 5:30.","mission1/simulation.gd","MISSED THE BOAT · MISSION FAILED
Everyone survived, but you were still on the docks when the ship sailed. Turn back the pages and get aboard before 5:30."
"MISSION1_EVERYONE_SURVIVED_ALL_ABOARD_COMPLETE","EVERYONE SURVIVED · ALL ABOARD COMPLETE
","mission1/simulation.gd","EVERYONE SURVIVED · ALL ABOARD COMPLETE
"
"MISSION1_THE_NEXT_PAGE_REVEALS_A_NEW_GIFT_LOCATION_REWRITING","
The next page reveals a new gift: location rewriting.","mission1/simulation.gd","
The next page reveals a new gift: location rewriting."
"MISSION1_THE_PARTY_HAS_ENDED","THE PARTY HAS ENDED
","mission1/simulation.gd","THE PARTY HAS ENDED
"
"MISSION1_YOUR_DIARY_RECORDS_WHAT_YOU_WITNESSED_ON_THIS_VOYAGE_TURN_BACK_TH","
Your diary records what you witnessed on this voyage. Turn back the pages to try again.","mission1/simulation.gd","
Your diary records what you witnessed on this voyage. Turn back the pages to try again."
"MISSION1_HOUR","Hour ","mission1/simulation.gd","Hour "
"MISSION1_HOLD_WAIT","Hold Wait","mission1/tutorial_hints.gd","Hold Wait"
"MISSION1_TAP_DIARY","Tap Diary","mission1/tutorial_hints.gd","Tap Diary"
"MISSION1_S_HIGHLIGHT","{arg1} — Highlight","mission1/tutorial_hints.gd","%s — Highlight"
"MISSION1_HOLD_S_WAIT","Hold {arg1} — Wait","mission1/tutorial_hints.gd","Hold %s — Wait"
"MISSION1_S_OPEN_DIARY","{arg1} — Open diary","mission1/tutorial_hints.gd","%s — Open diary"
